Fix Time,Fix Date,Fix Type,Latitude,Longitude,Altitude,Speed over Ground,True Course,Number of Fix Satellites,HDOP,VDOP,PDOP,Geoid Separation
03:09:11 AM,2024-02-15,Some(Invalid),0,0,0,0,0,0,0,0,0,0
03:09:11 AM,2024-02-15,Some(Invalid),0,0,0,0,0,0,0,0,0,0
03:09:11 AM,2024-02-15,Some(Invalid),0,0,0,0,0,10,3.11,0,0,0
03:09:11 AM,2024-02-15,Some(Invalid),0,0,0,0,0,10,3.11,2.76,4.16,0
03:09:11 AM,2024-02-15,Some(Invalid),0,0,0,0,0,10,3.11,2.76,4.16,0
03:09:11 AM,2024-02-15,Some(Invalid),0,0,0,0,0,10,3.11,2.76,4.16,0
03:09:11 AM,2024-02-15,Some(Invalid),0,0,0,0,0,10,3.11,2.76,4.16,0
03:09:11 AM,2024-02-15,Some(Invalid),0,0,0,0,0,10,3.11,2.76,4.16,0
03:09:11 AM,2024-02-15,Some(Invalid),0,0,0,0,0,10,3.11,2.76,4.16,0
03:09:11 AM,2024-02-15,Some(Invalid),0,0,0,0,0,10,3.11,2.76,4.16,0
03:09:11 AM,2024-02-15,Some(Invalid),0,0,0,0,0,10,3.11,2.76,4.16,0
03:09:11 AM,2024-02-15,Some(Invalid),0,0,0,0,0,10,3.11,2.76,4.16,0
03:09:11 AM,2024-02-15,Some(Invalid),0,0,0,0,0,10,3.11,2.76,4.16,0
03:09:11 AM,2024-02-15,Some(Invalid),0,0,0,0,0,10,3.11,2.76,4.16,0
03:09:11 AM,2024-02-15,Some(Invalid),0,0,0,0,0,10,3.11,2.76,4.16,0
03:09:11 AM,2024-02-15,Some(Invalid),0,0,0,0,0,10,3.11,2.76,4.16,0
03:09:12 AM,2024-02-15,Some(Invalid),0,0,0,0,0,10,3.11,2.76,4.16,0
03:09:12 AM,2024-02-15,Some(Invalid),0,0,0,0,0,10,3.11,2.76,4.16,0
03:09:12 AM,2024-02-15,Some(Invalid),0,0,0,0,0,10,3.11,2.76,4.16,0
03:09:12 AM,2024-02-15,Some(Invalid),0,0,0,0,0,10,3.11,2.76,4.16,0
03:09:12 AM,2024-02-15,Some(Invalid),0,0,0,0,0,10,3.11,2.76,4.16,0
03:09:12 AM,2024-02-15,Some(Invalid),0,0,0,0,0,10,3.11,2.76,4.16,0
03:09:12 AM,2024-02-15,Some(Invalid),0,0,0,0,0,10,3.11,2.76,4.16,0
03:09:12 AM,2024-02-15,Some(Invalid),0,0,0,0,0,10,3.11,2.76,4.16,0
03:09:12 AM,2024-02-15,Some(Invalid),0,0,0,0,0,10,3.11,2.76,4.16,0
03:09:12 AM,2024-02-15,Some(Invalid),0,0,0,0,0,10,3.11,2.76,4.16,0
03:09:12 AM,2024-02-15,Some(Invalid),0,0,0,0,0,10,3.11,2.76,4.16,0
03:09:12 AM,2024-02-15,Some(Invalid),0,0,0,0,0,10,3.11,2.76,4.16,0
03:09:12 AM,2024-02-15,Some(Invalid),0,0,0,0,0,10,3.11,2.76,4.16,0
03:09:12 AM,2024-02-15,Some(Invalid),0,0,0,0,0,10,3.11,2.76,4.16,0
03:09:12 AM,2024-02-15,Some(Invalid),0,0,0,0,0,10,3.11,2.76,4.16,0
03:09:12 AM,2024-02-15,Some(Invalid),0,0,0,0,0,10,3.11,2.76,4.16,0
03:09:13 AM,2024-02-15,Some(Invalid),0,0,0,0,0,10,3.11,2.76,4.16,0
03:09:13 AM,2024-02-15,Some(Invalid),0,0,0,0,0,10,3.11,2.76,4.16,0
03:09:13 AM,2024-02-15,Some(Invalid),0,0,0,0,0,10,3.12,2.76,4.16,0
03:09:13 AM,2024-02-15,Some(Invalid),0,0,0,0,0,10,3.12,2.76,4.16,0
03:09:13 AM,2024-02-15,Some(Invalid),0,0,0,0,0,10,3.12,2.76,4.16,0
03:09:13 AM,2024-02-15,Some(Invalid),0,0,0,0,0,10,3.12,2.76,4.16,0
03:09:13 AM,2024-02-15,Some(Invalid),0,0,0,0,0,10,3.12,2.76,4.16,0
03:09:13 AM,2024-02-15,Some(Invalid),0,0,0,0,0,10,3.12,2.76,4.16,0
03:09:13 AM,2024-02-15,Some(Invalid),0,0,0,0,0,10,3.12,2.76,4.16,0
03:09:13 AM,2024-02-15,Some(Invalid),0,0,0,0,0,10,3.12,2.76,4.16,0
03:09:13 AM,2024-02-15,Some(Invalid),0,0,0,0,0,10,3.12,2.76,4.16,0
03:09:13 AM,2024-02-15,Some(Invalid),0,0,0,0,0,10,3.12,2.76,4.16,0
03:09:13 AM,2024-02-15,Some(Invalid),0,0,0,0,0,10,3.12,2.76,4.16,0
03:09:13 AM,2024-02-15,Some(Invalid),0,0,0,0,0,10,3.12,2.76,4.16,0
03:09:13 AM,2024-02-15,Some(Invalid),0,0,0,0,0,10,3.12,2.76,4.16,0
03:09:13 AM,2024-02-15,Some(Invalid),0,0,0,0,0,10,3.12,2.76,4.16,0
03:09:14 AM,2024-02-15,Some(Invalid),0,0,0,0,0,10,3.12,2.76,4.16,0
03:09:14 AM,2024-02-15,Some(Invalid),0,0,0,0,0,10,3.12,2.76,4.16,0
03:09:14 AM,2024-02-15,Some(Invalid),0,0,0,0,0,10,3.12,2.76,4.16,0
03:09:14 AM,2024-02-15,Some(Invalid),0,0,0,0,0,10,3.12,2.76,4.16,0
03:09:14 AM,2024-02-15,Some(Invalid),0,0,0,0,0,10,3.12,2.76,4.16,0
03:09:14 AM,2024-02-15,Some(Invalid),0,0,0,0,0,10,3.12,2.76,4.16,0
03:09:14 AM,2024-02-15,Some(Invalid),0,0,0,0,0,10,3.12,2.76,4.16,0
03:09:14 AM,2024-02-15,Some(Invalid),0,0,0,0,0,10,3.12,2.76,4.16,0
03:09:14 AM,2024-02-15,Some(Invalid),0,0,0,0,0,10,3.12,2.76,4.16,0
03:09:14 AM,2024-02-15,Some(Invalid),0,0,0,0,0,10,3.12,2.76,4.16,0
03:09:14 AM,2024-02-15,Some(Invalid),0,0,0,0,0,10,3.12,2.76,4.16,0
03:09:14 AM,2024-02-15,Some(Invalid),0,0,0,0,0,10,3.12,2.76,4.16,0
03:09:14 AM,2024-02-15,Some(Invalid),0,0,0,0,0,10,3.12,2.76,4.16,0
03:09:14 AM,2024-02-15,Some(Invalid),0,0,0,0,0,10,3.12,2.76,4.16,0
03:09:14 AM,2024-02-15,Some(Invalid),0,0,0,0,0,10,3.12,2.76,4.16,0
03:09:14 AM,2024-02-15,Some(Invalid),0,0,0,0,0,10,3.12,2.76,4.16,0
03:09:15 AM,2024-02-15,Some(Invalid),0,0,0,0,0,10,3.12,2.76,4.16,0
03:09:15 AM,2024-02-15,Some(Invalid),0,0,0,0,0,10,3.12,2.76,4.16,0
03:09:15 AM,2024-02-15,Some(Invalid),0,0,0,0,0,10,3.12,2.76,4.16,0
03:09:15 AM,2024-02-15,Some(Invalid),0,0,0,0,0,10,3.12,2.76,4.16,0
03:09:15 AM,2024-02-15,Some(Invalid),0,0,0,0,0,10,3.12,2.76,4.16,0
03:09:15 AM,2024-02-15,Some(Invalid),0,0,0,0,0,10,3.12,2.76,4.16,0
03:09:15 AM,2024-02-15,Some(Invalid),0,0,0,0,0,10,3.12,2.76,4.16,0
03:09:15 AM,2024-02-15,Some(Invalid),0,0,0,0,0,10,3.12,2.76,4.16,0
03:09:15 AM,2024-02-15,Some(Invalid),0,0,0,0,0,10,3.12,2.76,4.16,0
03:09:15 AM,2024-02-15,Some(Invalid),0,0,0,0,0,10,3.12,2.76,4.16,0
03:09:15 AM,2024-02-15,Some(Invalid),0,0,0,0,0,10,3.12,2.76,4.16,0
03:09:15 AM,2024-02-15,Some(Invalid),0,0,0,0,0,10,3.12,2.76,4.16,0
03:09:15 AM,2024-02-15,Some(Invalid),0,0,0,0,0,10,3.12,2.76,4.16,0
03:09:15 AM,2024-02-15,Some(Invalid),0,0,0,0,0,10,3.12,2.76,4.16,0
03:09:15 AM,2024-02-15,Some(Invalid),0,0,0,0,0,10,3.12,2.76,4.16,0
03:09:15 AM,2024-02-15,Some(Invalid),0,0,0,0,0,10,3.12,2.76,4.16,0
03:09:16 AM,2024-02-15,Some(Invalid),0,0,0,0,0,10,3.12,2.76,4.16,0
03:09:16 AM,2024-02-15,Some(Invalid),0,0,0,0,0,10,3.12,2.76,4.16,0
03:09:16 AM,2024-02-15,Some(Invalid),0,0,0,0,0,10,3.12,2.76,4.16,0
03:09:16 AM,2024-02-15,Some(Invalid),0,0,0,0,0,10,3.12,2.76,4.16,0
03:09:16 AM,2024-02-15,Some(Invalid),0,0,0,0,0,10,3.12,2.76,4.16,0
03:09:16 AM,2024-02-15,Some(Invalid),0,0,0,0,0,10,3.12,2.76,4.16,0
03:09:16 AM,2024-02-15,Some(Invalid),0,0,0,0,0,10,3.12,2.76,4.16,0
03:09:16 AM,2024-02-15,Some(Invalid),0,0,0,0,0,10,3.12,2.76,4.16,0
03:09:16 AM,2024-02-15,Some(Invalid),0,0,0,0,0,10,3.12,2.76,4.16,0
03:09:16 AM,2024-02-15,Some(Invalid),0,0,0,0,0,10,3.12,2.76,4.16,0
03:09:16 AM,2024-02-15,Some(Invalid),0,0,0,0,0,10,3.12,2.76,4.16,0
03:09:16 AM,2024-02-15,Some(Invalid),0,0,0,0,0,10,3.12,2.76,4.16,0
03:09:16 AM,2024-02-15,Some(Invalid),0,0,0,0,0,10,3.12,2.76,4.16,0
03:09:16 AM,2024-02-15,Some(Invalid),0,0,0,0,0,10,3.12,2.76,4.16,0
03:09:16 AM,2024-02-15,Some(Invalid),0,0,0,0,0,10,3.12,2.76,4.16,0
03:09:16 AM,2024-02-15,Some(Invalid),0,0,0,0,0,10,3.12,2.76,4.16,0
03:09:17 AM,2024-02-15,Some(Gps),44.5647,-123.2828,0,0.146,0,10,3.12,2.76,4.16,0
03:09:17 AM,2024-02-15,Some(Gps),44.5647,-123.2828,0,0.146,0,10,3.12,2.76,4.16,0
03:09:17 AM,2024-02-15,Some(Gps),44.5647,-123.2828,70,0.146,0,9,3.13,2.76,4.16,-22.6
03:09:17 AM,2024-02-15,Some(Gps),44.5647,-123.2828,70,0.146,0,9,3.13,2.85,4.23,-22.6
03:09:17 AM,2024-02-15,Some(Gps),44.5647,-123.2828,70,0.146,0,9,3.13,2.85,4.23,-22.6
03:09:17 AM,2024-02-15,Some(Gps),44.5647,-123.2828,70,0.146,0,9,3.13,2.85,4.23,-22.6
03:09:17 AM,2024-02-15,Some(Gps),44.5647,-123.2828,70,0.146,0,9,3.13,2.85,4.23,-22.6
03:09:17 AM,2024-02-15,Some(Gps),44.5647,-123.2828,70,0.146,0,9,3.13,2.85,4.23,-22.6
03:09:17 AM,2024-02-15,Some(Gps),44.5647,-123.2828,70,0.146,0,9,3.13,2.85,4.23,-22.6
03:09:17 AM,2024-02-15,Some(Gps),44.5647,-123.2828,70,0.146,0,9,3.13,2.85,4.23,-22.6
03:09:17 AM,2024-02-15,Some(Gps),44.5647,-123.2828,70,0.146,0,9,3.13,2.85,4.23,-22.6
03:09:17 AM,2024-02-15,Some(Gps),44.5647,-123.2828,70,0.146,0,9,3.13,2.85,4.23,-22.6
03:09:17 AM,2024-02-15,Some(Gps),44.5647,-123.2828,70,0.146,0,9,3.13,2.85,4.23,-22.6
03:09:17 AM,2024-02-15,Some(Gps),44.5647,-123.2828,70,0.146,0,9,3.13,2.85,4.23,-22.6
03:09:17 AM,2024-02-15,Some(Gps),44.5647,-123.2828,70,0.146,0,9,3.13,2.85,4.23,-22.6
03:09:17 AM,2024-02-15,Some(Gps),44.5647,-123.2828,70,0.146,0,9,3.13,2.85,4.23,-22.6
03:09:18 AM,2024-02-15,Some(Gps),44.5648,-123.2827,70,0.124,0,9,3.13,2.85,4.23,-22.6
03:09:18 AM,2024-02-15,Some(Gps),44.5648,-123.2827,70,0.124,0,9,3.13,2.85,4.23,-22.6
03:09:18 AM,2024-02-15,Some(Gps),44.5648,-123.2827,75.9,0.124,0,10,3.15,2.85,4.23,-22.6
03:09:18 AM,2024-02-15,Some(Gps),44.5648,-123.2827,75.9,0.124,0,10,3.15,2.81,4.22,-22.6
03:09:18 AM,2024-02-15,Some(Gps),44.5648,-123.2827,75.9,0.124,0,10,3.15,2.81,4.22,-22.6
03:09:18 AM,2024-02-15,Some(Gps),44.5648,-123.2827,75.9,0.124,0,10,3.15,2.81,4.22,-22.6
03:09:18 AM,2024-02-15,Some(Gps),44.5648,-123.2827,75.9,0.124,0,10,3.15,2.81,4.22,-22.6
03:09:18 AM,2024-02-15,Some(Gps),44.5648,-123.2827,75.9,0.124,0,10,3.15,2.81,4.22,-22.6
03:09:18 AM,2024-02-15,Some(Gps),44.5648,-123.2827,75.9,0.124,0,10,3.15,2.81,4.22,-22.6
03:09:18 AM,2024-02-15,Some(Gps),44.5648,-123.2827,75.9,0.124,0,10,3.15,2.81,4.22,-22.6
03:09:18 AM,2024-02-15,Some(Gps),44.5648,-123.2827,75.9,0.124,0,10,3.15,2.81,4.22,-22.6
03:09:18 AM,2024-02-15,Some(Gps),44.5648,-123.2827,75.9,0.124,0,10,3.15,2.81,4.22,-22.6
03:09:18 AM,2024-02-15,Some(Gps),44.5648,-123.2827,75.9,0.124,0,10,3.15,2.81,4.22,-22.6
03:09:18 AM,2024-02-15,Some(Gps),44.5648,-123.2827,75.9,0.124,0,10,3.15,2.81,4.22,-22.6
03:09:18 AM,2024-02-15,Some(Gps),44.5648,-123.2827,75.9,0.124,0,10,3.15,2.81,4.22,-22.6
03:09:18 AM,2024-02-15,Some(Gps),44.5648,-123.2827,75.9,0.124,0,10,3.15,2.81,4.22,-22.6
03:09:19 AM,2024-02-15,Some(Gps),44.5648,-123.2827,75.9,0.192,0,10,3.15,2.81,4.22,-22.6
03:09:19 AM,2024-02-15,Some(Gps),44.5648,-123.2827,75.9,0.192,0,10,3.15,2.81,4.22,-22.6
03:09:19 AM,2024-02-15,Some(Gps),44.5648,-123.2827,81.1,0.192,0,10,3.12,2.81,4.22,-22.6
03:09:19 AM,2024-02-15,Some(Gps),44.5648,-123.2827,81.1,0.192,0,10,3.12,2.76,4.17,-22.6
03:09:19 AM,2024-02-15,Some(Gps),44.5648,-123.2827,81.1,0.192,0,10,3.12,2.76,4.17,-22.6
03:09:19 AM,2024-02-15,Some(Gps),44.5648,-123.2827,81.1,0.192,0,10,3.12,2.76,4.17,-22.6
03:09:19 AM,2024-02-15,Some(Gps),44.5648,-123.2827,81.1,0.192,0,10,3.12,2.76,4.17,-22.6
03:09:19 AM,2024-02-15,Some(Gps),44.5648,-123.2827,81.1,0.192,0,10,3.12,2.76,4.17,-22.6
03:09:19 AM,2024-02-15,Some(Gps),44.5648,-123.2827,81.1,0.192,0,10,3.12,2.76,4.17,-22.6
03:09:19 AM,2024-02-15,Some(Gps),44.5648,-123.2827,81.1,0.192,0,10,3.12,2.76,4.17,-22.6
03:09:19 AM,2024-02-15,Some(Gps),44.5648,-123.2827,81.1,0.192,0,10,3.12,2.76,4.17,-22.6
03:09:19 AM,2024-02-15,Some(Gps),44.5648,-123.2827,81.1,0.192,0,10,3.12,2.76,4.17,-22.6
03:09:19 AM,2024-02-15,Some(Gps),44.5648,-123.2827,81.1,0.192,0,10,3.12,2.76,4.17,-22.6
03:09:19 AM,2024-02-15,Some(Gps),44.5648,-123.2827,81.1,0.192,0,10,3.12,2.76,4.17,-22.6
03:09:19 AM,2024-02-15,Some(Gps),44.5648,-123.2827,81.1,0.192,0,10,3.12,2.76,4.17,-22.6
03:09:19 AM,2024-02-15,Some(Gps),44.5648,-123.2827,81.1,0.192,0,10,3.12,2.76,4.17,-22.6
03:09:20 AM,2024-02-15,Some(Gps),44.5648,-123.2827,81.1,0.223,0,10,3.12,2.76,4.17,-22.6
03:09:20 AM,2024-02-15,Some(Gps),44.5648,-123.2827,81.1,0.223,0,10,3.12,2.76,4.17,-22.6
03:09:20 AM,2024-02-15,Some(Gps),44.5648,-123.2827,84.9,0.223,0,10,3.12,2.76,4.17,-22.6
03:09:20 AM,2024-02-15,Some(Gps),44.5648,-123.2827,84.9,0.223,0,10,3.12,2.76,4.17,-22.6
03:09:20 AM,2024-02-15,Some(Gps),44.5648,-123.2827,84.9,0.223,0,10,3.12,2.76,4.17,-22.6
03:09:20 AM,2024-02-15,Some(Gps),44.5648,-123.2827,84.9,0.223,0,10,3.12,2.76,4.17,-22.6
03:09:20 AM,2024-02-15,Some(Gps),44.5648,-123.2827,84.9,0.223,0,10,3.12,2.76,4.17,-22.6
03:09:20 AM,2024-02-15,Some(Gps),44.5648,-123.2827,84.9,0.223,0,10,3.12,2.76,4.17,-22.6
03:09:20 AM,2024-02-15,Some(Gps),44.5648,-123.2827,84.9,0.223,0,10,3.12,2.76,4.17,-22.6
03:09:20 AM,2024-02-15,Some(Gps),44.5648,-123.2827,84.9,0.223,0,10,3.12,2.76,4.17,-22.6
03:09:20 AM,2024-02-15,Some(Gps),44.5648,-123.2827,84.9,0.223,0,10,3.12,2.76,4.17,-22.6
03:09:20 AM,2024-02-15,Some(Gps),44.5648,-123.2827,84.9,0.223,0,10,3.12,2.76,4.17,-22.6
03:09:20 AM,2024-02-15,Some(Gps),44.5648,-123.2827,84.9,0.223,0,10,3.12,2.76,4.17,-22.6
03:09:20 AM,2024-02-15,Some(Gps),44.5648,-123.2827,84.9,0.223,0,10,3.12,2.76,4.17,-22.6
03:09:20 AM,2024-02-15,Some(Gps),44.5648,-123.2827,84.9,0.223,0,10,3.12,2.76,4.17,-22.6
03:09:20 AM,2024-02-15,Some(Gps),44.5648,-123.2827,84.9,0.223,0,10,3.12,2.76,4.17,-22.6
03:09:21 AM,2024-02-15,Some(Gps),44.5648,-123.2826,84.9,0.139,0,10,3.12,2.76,4.17,-22.6
03:09:21 AM,2024-02-15,Some(Gps),44.5648,-123.2826,84.9,0.139,0,10,3.12,2.76,4.17,-22.6
03:09:21 AM,2024-02-15,Some(Gps),44.5648,-123.2826,87.6,0.139,0,10,3.12,2.76,4.17,-22.6
03:09:21 AM,2024-02-15,Some(Gps),44.5648,-123.2826,87.6,0.139,0,10,3.12,2.76,4.17,-22.6
03:09:21 AM,2024-02-15,Some(Gps),44.5648,-123.2826,87.6,0.139,0,10,3.12,2.76,4.17,-22.6
03:09:21 AM,2024-02-15,Some(Gps),44.5648,-123.2826,87.6,0.139,0,10,3.12,2.76,4.17,-22.6
03:09:21 AM,2024-02-15,Some(Gps),44.5648,-123.2826,87.6,0.139,0,10,3.12,2.76,4.17,-22.6
03:09:21 AM,2024-02-15,Some(Gps),44.5648,-123.2826,87.6,0.139,0,10,3.12,2.76,4.17,-22.6
03:09:21 AM,2024-02-15,Some(Gps),44.5648,-123.2826,87.6,0.139,0,10,3.12,2.76,4.17,-22.6
03:09:21 AM,2024-02-15,Some(Gps),44.5648,-123.2826,87.6,0.139,0,10,3.12,2.76,4.17,-22.6
03:09:21 AM,2024-02-15,Some(Gps),44.5648,-123.2826,87.6,0.139,0,10,3.12,2.76,4.17,-22.6
03:09:21 AM,2024-02-15,Some(Gps),44.5648,-123.2826,87.6,0.139,0,10,3.12,2.76,4.17,-22.6
03:09:21 AM,2024-02-15,Some(Gps),44.5648,-123.2826,87.6,0.139,0,10,3.12,2.76,4.17,-22.6
03:09:21 AM,2024-02-15,Some(Gps),44.5648,-123.2826,87.6,0.139,0,10,3.12,2.76,4.17,-22.6
03:09:21 AM,2024-02-15,Some(Gps),44.5648,-123.2826,87.6,0.139,0,10,3.12,2.76,4.17,-22.6
03:09:21 AM,2024-02-15,Some(Gps),44.5648,-123.2826,87.6,0.139,0,10,3.12,2.76,4.17,-22.6
03:09:22 AM,2024-02-15,Some(Gps),44.5648,-123.2826,87.6,0.269,0,10,3.12,2.76,4.17,-22.6
03:09:22 AM,2024-02-15,Some(Gps),44.5648,-123.2826,87.6,0.269,0,10,3.12,2.76,4.17,-22.6
03:09:22 AM,2024-02-15,Some(Gps),44.5648,-123.2826,89.8,0.269,0,10,3.12,2.76,4.17,-22.6
03:09:22 AM,2024-02-15,Some(Gps),44.5648,-123.2826,89.8,0.269,0,10,3.12,2.76,4.17,-22.6
03:09:22 AM,2024-02-15,Some(Gps),44.5648,-123.2826,89.8,0.269,0,10,3.12,2.76,4.17,-22.6
03:09:22 AM,2024-02-15,Some(Gps),44.5648,-123.2826,89.8,0.269,0,10,3.12,2.76,4.17,-22.6
03:09:22 AM,2024-02-15,Some(Gps),44.5648,-123.2826,89.8,0.269,0,10,3.12,2.76,4.17,-22.6
03:09:22 AM,2024-02-15,Some(Gps),44.5648,-123.2826,89.8,0.269,0,10,3.12,2.76,4.17,-22.6
03:09:22 AM,2024-02-15,Some(Gps),44.5648,-123.2826,89.8,0.269,0,10,3.12,2.76,4.17,-22.6
03:09:22 AM,2024-02-15,Some(Gps),44.5648,-123.2826,89.8,0.269,0,10,3.12,2.76,4.17,-22.6
03:09:22 AM,2024-02-15,Some(Gps),44.5648,-123.2826,89.8,0.269,0,10,3.12,2.76,4.17,-22.6
03:09:22 AM,2024-02-15,Some(Gps),44.5648,-123.2826,89.8,0.269,0,10,3.12,2.76,4.17,-22.6
03:09:22 AM,2024-02-15,Some(Gps),44.5648,-123.2826,89.8,0.269,0,10,3.12,2.76,4.17,-22.6
03:09:22 AM,2024-02-15,Some(Gps),44.5648,-123.2826,89.8,0.269,0,10,3.12,2.76,4.17,-22.6
03:09:22 AM,2024-02-15,Some(Gps),44.5648,-123.2826,89.8,0.269,0,10,3.12,2.76,4.17,-22.6
03:09:22 AM,2024-02-15,Some(Gps),44.5648,-123.2826,89.8,0.269,0,10,3.12,2.76,4.17,-22.6
03:09:23 AM,2024-02-15,Some(Gps),44.5648,-123.2826,89.8,0.23,0,10,3.12,2.76,4.17,-22.6
03:09:23 AM,2024-02-15,Some(Gps),44.5648,-123.2826,89.8,0.23,0,10,3.12,2.76,4.17,-22.6
03:09:23 AM,2024-02-15,Some(Gps),44.5648,-123.2826,92,0.23,0,10,3.13,2.76,4.17,-22.6
03:09:23 AM,2024-02-15,Some(Gps),44.5648,-123.2826,92,0.23,0,10,3.13,2.76,4.17,-22.6
03:09:23 AM,2024-02-15,Some(Gps),44.5648,-123.2826,92,0.23,0,10,3.13,2.76,4.17,-22.6
03:09:23 AM,2024-02-15,Some(Gps),44.5648,-123.2826,92,0.23,0,10,3.13,2.76,4.17,-22.6
03:09:23 AM,2024-02-15,Some(Gps),44.5648,-123.2826,92,0.23,0,10,3.13,2.76,4.17,-22.6
03:09:23 AM,2024-02-15,Some(Gps),44.5648,-123.2826,92,0.23,0,10,3.13,2.76,4.17,-22.6
03:09:23 AM,2024-02-15,Some(Gps),44.5648,-123.2826,92,0.23,0,10,3.13,2.76,4.17,-22.6
03:09:23 AM,2024-02-15,Some(Gps),44.5648,-123.2826,92,0.23,0,10,3.13,2.76,4.17,-22.6
03:09:23 AM,2024-02-15,Some(Gps),44.5648,-123.2826,92,0.23,0,10,3.13,2.76,4.17,-22.6
03:09:23 AM,2024-02-15,Some(Gps),44.5648,-123.2826,92,0.23,0,10,3.13,2.76,4.17,-22.6
03:09:23 AM,2024-02-15,Some(Gps),44.5648,-123.2826,92,0.23,0,10,3.13,2.76,4.17,-22.6
03:09:23 AM,2024-02-15,Some(Gps),44.5648,-123.2826,92,0.23,0,10,3.13,2.76,4.17,-22.6
03:09:23 AM,2024-02-15,Some(Gps),44.5648,-123.2826,92,0.23,0,10,3.13,2.76,4.17,-22.6
03:09:23 AM,2024-02-15,Some(Gps),44.5648,-123.2826,92,0.23,0,10,3.13,2.76,4.17,-22.6
03:09:24 AM,2024-02-15,Some(Gps),44.5648,-123.2826,92,0.128,0,10,3.13,2.76,4.17,-22.6
03:09:24 AM,2024-02-15,Some(Gps),44.5648,-123.2826,92,0.128,0,10,3.13,2.76,4.17,-22.6
03:09:24 AM,2024-02-15,Some(Gps),44.5648,-123.2826,93.8,0.128,0,9,3.14,2.76,4.17,-22.6
03:09:24 AM,2024-02-15,Some(Gps),44.5648,-123.2826,93.8,0.128,0,9,3.14,2.85,4.24,-22.6
03:09:24 AM,2024-02-15,Some(Gps),44.5648,-123.2826,93.8,0.128,0,9,3.14,2.85,4.24,-22.6
03:09:24 AM,2024-02-15,Some(Gps),44.5648,-123.2826,93.8,0.128,0,9,3.14,2.85,4.24,-22.6
03:09:24 AM,2024-02-15,Some(Gps),44.5648,-123.2826,93.8,0.128,0,9,3.14,2.85,4.24,-22.6
03:09:24 AM,2024-02-15,Some(Gps),44.5648,-123.2826,93.8,0.128,0,9,3.14,2.85,4.24,-22.6
03:09:24 AM,2024-02-15,Some(Gps),44.5648,-123.2826,93.8,0.128,0,9,3.14,2.85,4.24,-22.6
03:09:24 AM,2024-02-15,Some(Gps),44.5648,-123.2826,93.8,0.128,0,9,3.14,2.85,4.24,-22.6
03:09:24 AM,2024-02-15,Some(Gps),44.5648,-123.2826,93.8,0.128,0,9,3.14,2.85,4.24,-22.6
03:09:24 AM,2024-02-15,Some(Gps),44.5648,-123.2826,93.8,0.128,0,9,3.14,2.85,4.24,-22.6
03:09:24 AM,2024-02-15,Some(Gps),44.5648,-123.2826,93.8,0.128,0,9,3.14,2.85,4.24,-22.6
03:09:24 AM,2024-02-15,Some(Gps),44.5648,-123.2826,93.8,0.128,0,9,3.14,2.85,4.24,-22.6
03:09:24 AM,2024-02-15,Some(Gps),44.5648,-123.2826,93.8,0.128,0,9,3.14,2.85,4.24,-22.6
03:09:24 AM,2024-02-15,Some(Gps),44.5648,-123.2826,93.8,0.128,0,9,3.14,2.85,4.24,-22.6
03:09:25 AM,2024-02-15,Some(Gps),44.5648,-123.2826,93.8,0.217,0,9,3.14,2.85,4.24,-22.6
03:09:25 AM,2024-02-15,Some(Gps),44.5648,-123.2826,93.8,0.217,0,9,3.14,2.85,4.24,-22.6
03:09:25 AM,2024-02-15,Some(Gps),44.5648,-123.2826,95.6,0.217,0,10,3.13,2.85,4.24,-22.6
03:09:25 AM,2024-02-15,Some(Gps),44.5648,-123.2826,95.6,0.217,0,10,3.13,2.76,4.17,-22.6
03:09:25 AM,2024-02-15,Some(Gps),44.5648,-123.2826,95.6,0.217,0,10,3.13,2.76,4.17,-22.6
03:09:25 AM,2024-02-15,Some(Gps),44.5648,-123.2826,95.6,0.217,0,10,3.13,2.76,4.17,-22.6
03:09:25 AM,2024-02-15,Some(Gps),44.5648,-123.2826,95.6,0.217,0,10,3.13,2.76,4.17,-22.6
03:09:25 AM,2024-02-15,Some(Gps),44.5648,-123.2826,95.6,0.217,0,10,3.13,2.76,4.17,-22.6
03:09:25 AM,2024-02-15,Some(Gps),44.5648,-123.2826,95.6,0.217,0,10,3.13,2.76,4.17,-22.6
03:09:25 AM,2024-02-15,Some(Gps),44.5648,-123.2826,95.6,0.217,0,10,3.13,2.76,4.17,-22.6
03:09:25 AM,2024-02-15,Some(Gps),44.5648,-123.2826,95.6,0.217,0,10,3.13,2.76,4.17,-22.6
03:09:25 AM,2024-02-15,Some(Gps),44.5648,-123.2826,95.6,0.217,0,10,3.13,2.76,4.17,-22.6
03:09:25 AM,2024-02-15,Some(Gps),44.5648,-123.2826,95.6,0.217,0,10,3.13,2.76,4.17,-22.6
03:09:25 AM,2024-02-15,Some(Gps),44.5648,-123.2826,95.6,0.217,0,10,3.13,2.76,4.17,-22.6
03:09:25 AM,2024-02-15,Some(Gps),44.5648,-123.2826,95.6,0.217,0,10,3.13,2.76,4.17,-22.6
03:09:25 AM,2024-02-15,Some(Gps),44.5648,-123.2826,95.6,0.217,0,10,3.13,2.76,4.17,-22.6
03:09:26 AM,2024-02-15,Some(Gps),44.5648,-123.2826,95.6,0.198,0,10,3.13,2.76,4.17,-22.6
03:09:26 AM,2024-02-15,Some(Gps),44.5648,-123.2826,95.6,0.198,0,10,3.13,2.76,4.17,-22.6
03:09:26 AM,2024-02-15,Some(Gps),44.5648,-123.2826,97.2,0.198,0,9,3.14,2.76,4.17,-22.6
03:09:26 AM,2024-02-15,Some(Gps),44.5648,-123.2826,97.2,0.198,0,9,3.14,2.85,4.24,-22.6
03:09:26 AM,2024-02-15,Some(Gps),44.5648,-123.2826,97.2,0.198,0,9,3.14,2.85,4.24,-22.6
03:09:26 AM,2024-02-15,Some(Gps),44.5648,-123.2826,97.2,0.198,0,9,3.14,2.85,4.24,-22.6
03:09:26 AM,2024-02-15,Some(Gps),44.5648,-123.2826,97.2,0.198,0,9,3.14,2.85,4.24,-22.6
03:09:26 AM,2024-02-15,Some(Gps),44.5648,-123.2826,97.2,0.198,0,9,3.14,2.85,4.24,-22.6
03:09:26 AM,2024-02-15,Some(Gps),44.5648,-123.2826,97.2,0.198,0,9,3.14,2.85,4.24,-22.6
03:09:26 AM,2024-02-15,Some(Gps),44.5648,-123.2826,97.2,0.198,0,9,3.14,2.85,4.24,-22.6
03:09:26 AM,2024-02-15,Some(Gps),44.5648,-123.2826,97.2,0.198,0,9,3.14,2.85,4.24,-22.6
03:09:26 AM,2024-02-15,Some(Gps),44.5648,-123.2826,97.2,0.198,0,9,3.14,2.85,4.24,-22.6
03:09:26 AM,2024-02-15,Some(Gps),44.5648,-123.2826,97.2,0.198,0,9,3.14,2.85,4.24,-22.6
03:09:26 AM,2024-02-15,Some(Gps),44.5648,-123.2826,97.2,0.198,0,9,3.14,2.85,4.24,-22.6
03:09:26 AM,2024-02-15,Some(Gps),44.5648,-123.2826,97.2,0.198,0,9,3.14,2.85,4.24,-22.6
03:09:26 AM,2024-02-15,Some(Gps),44.5648,-123.2826,97.2,0.198,0,9,3.14,2.85,4.24,-22.6
03:09:27 AM,2024-02-15,Some(Gps),44.5648,-123.2826,97.2,0.201,0,9,3.14,2.85,4.24,-22.6
03:09:27 AM,2024-02-15,Some(Gps),44.5648,-123.2826,97.2,0.201,0,9,3.14,2.85,4.24,-22.6
03:09:27 AM,2024-02-15,Some(Gps),44.5648,-123.2826,98.5,0.201,0,9,3.14,2.85,4.24,-22.6
03:09:27 AM,2024-02-15,Some(Gps),44.5648,-123.2826,98.5,0.201,0,9,3.14,2.85,4.24,-22.6
03:09:27 AM,2024-02-15,Some(Gps),44.5648,-123.2826,98.5,0.201,0,9,3.14,2.85,4.24,-22.6
03:09:27 AM,2024-02-15,Some(Gps),44.5648,-123.2826,98.5,0.201,0,9,3.14,2.85,4.24,-22.6
03:09:27 AM,2024-02-15,Some(Gps),44.5648,-123.2826,98.5,0.201,0,9,3.14,2.85,4.24,-22.6
03:09:27 AM,2024-02-15,Some(Gps),44.5648,-123.2826,98.5,0.201,0,9,3.14,2.85,4.24,-22.6
03:09:27 AM,2024-02-15,Some(Gps),44.5648,-123.2826,98.5,0.201,0,9,3.14,2.85,4.24,-22.6
03:09:27 AM,2024-02-15,Some(Gps),44.5648,-123.2826,98.5,0.201,0,9,3.14,2.85,4.24,-22.6
03:09:27 AM,2024-02-15,Some(Gps),44.5648,-123.2826,98.5,0.201,0,9,3.14,2.85,4.24,-22.6
03:09:27 AM,2024-02-15,Some(Gps),44.5648,-123.2826,98.5,0.201,0,9,3.14,2.85,4.24,-22.6
03:09:27 AM,2024-02-15,Some(Gps),44.5648,-123.2826,98.5,0.201,0,9,3.14,2.85,4.24,-22.6
03:09:27 AM,2024-02-15,Some(Gps),44.5648,-123.2826,98.5,0.201,0,9,3.14,2.85,4.24,-22.6
03:09:27 AM,2024-02-15,Some(Gps),44.5648,-123.2826,98.5,0.201,0,9,3.14,2.85,4.24,-22.6
03:09:27 AM,2024-02-15,Some(Gps),44.5648,-123.2826,98.5,0.201,0,9,3.14,2.85,4.24,-22.6
03:09:28 AM,2024-02-15,Some(Gps),44.5648,-123.2826,98.5,0.116,0,9,3.14,2.85,4.24,-22.6
03:09:28 AM,2024-02-15,Some(Gps),44.5648,-123.2826,98.5,0.116,0,9,3.14,2.85,4.24,-22.6
03:09:28 AM,2024-02-15,Some(Gps),44.5648,-123.2826,99.2,0.116,0,9,3.14,2.85,4.24,-22.6
03:09:28 AM,2024-02-15,Some(Gps),44.5648,-123.2826,99.2,0.116,0,9,3.14,2.85,4.25,-22.6
03:09:28 AM,2024-02-15,Some(Gps),44.5648,-123.2826,99.2,0.116,0,9,3.14,2.85,4.25,-22.6
03:09:28 AM,2024-02-15,Some(Gps),44.5648,-123.2826,99.2,0.116,0,9,3.14,2.85,4.25,-22.6
03:09:28 AM,2024-02-15,Some(Gps),44.5648,-123.2826,99.2,0.116,0,9,3.14,2.85,4.25,-22.6
03:09:28 AM,2024-02-15,Some(Gps),44.5648,-123.2826,99.2,0.116,0,9,3.14,2.85,4.25,-22.6
03:09:28 AM,2024-02-15,Some(Gps),44.5648,-123.2826,99.2,0.116,0,9,3.14,2.85,4.25,-22.6
03:09:28 AM,2024-02-15,Some(Gps),44.5648,-123.2826,99.2,0.116,0,9,3.14,2.85,4.25,-22.6
03:09:28 AM,2024-02-15,Some(Gps),44.5648,-123.2826,99.2,0.116,0,9,3.14,2.85,4.25,-22.6
03:09:28 AM,2024-02-15,Some(Gps),44.5648,-123.2826,99.2,0.116,0,9,3.14,2.85,4.25,-22.6
03:09:28 AM,2024-02-15,Some(Gps),44.5648,-123.2826,99.2,0.116,0,9,3.14,2.85,4.25,-22.6
03:09:28 AM,2024-02-15,Some(Gps),44.5648,-123.2826,99.2,0.116,0,9,3.14,2.85,4.25,-22.6
03:09:28 AM,2024-02-15,Some(Gps),44.5648,-123.2826,99.2,0.116,0,9,3.14,2.85,4.25,-22.6
03:09:28 AM,2024-02-15,Some(Gps),44.5648,-123.2826,99.2,0.116,0,9,3.14,2.85,4.25,-22.6
03:09:29 AM,2024-02-15,Some(Gps),44.5648,-123.2826,99.2,0.203,0,9,3.14,2.85,4.25,-22.6
03:09:29 AM,2024-02-15,Some(Gps),44.5648,-123.2826,99.2,0.203,0,9,3.14,2.85,4.25,-22.6
03:09:29 AM,2024-02-15,Some(Gps),44.5648,-123.2826,99.9,0.203,0,9,3.15,2.85,4.25,-22.6
03:09:29 AM,2024-02-15,Some(Gps),44.5648,-123.2826,99.9,0.203,0,9,3.15,2.85,4.25,-22.6
03:09:29 AM,2024-02-15,Some(Gps),44.5648,-123.2826,99.9,0.203,0,9,3.15,2.85,4.25,-22.6
03:09:29 AM,2024-02-15,Some(Gps),44.5648,-123.2826,99.9,0.203,0,9,3.15,2.85,4.25,-22.6
03:09:29 AM,2024-02-15,Some(Gps),44.5648,-123.2826,99.9,0.203,0,9,3.15,2.85,4.25,-22.6
03:09:29 AM,2024-02-15,Some(Gps),44.5648,-123.2826,99.9,0.203,0,9,3.15,2.85,4.25,-22.6
03:09:29 AM,2024-02-15,Some(Gps),44.5648,-123.2826,99.9,0.203,0,9,3.15,2.85,4.25,-22.6
03:09:29 AM,2024-02-15,Some(Gps),44.5648,-123.2826,99.9,0.203,0,9,3.15,2.85,4.25,-22.6
03:09:29 AM,2024-02-15,Some(Gps),44.5648,-123.2826,99.9,0.203,0,9,3.15,2.85,4.25,-22.6
03:09:29 AM,2024-02-15,Some(Gps),44.5648,-123.2826,99.9,0.203,0,9,3.15,2.85,4.25,-22.6
03:09:29 AM,2024-02-15,Some(Gps),44.5648,-123.2826,99.9,0.203,0,9,3.15,2.85,4.25,-22.6
03:09:29 AM,2024-02-15,Some(Gps),44.5648,-123.2826,99.9,0.203,0,9,3.15,2.85,4.25,-22.6
03:09:29 AM,2024-02-15,Some(Gps),44.5648,-123.2826,99.9,0.203,0,9,3.15,2.85,4.25,-22.6
03:09:29 AM,2024-02-15,Some(Gps),44.5648,-123.2826,99.9,0.203,0,9,3.15,2.85,4.25,-22.6
03:09:30 AM,2024-02-15,Some(Gps),44.5648,-123.2826,99.9,0.11,0,9,3.15,2.85,4.25,-22.6
03:09:30 AM,2024-02-15,Some(Gps),44.5648,-123.2826,99.9,0.11,0,9,3.15,2.85,4.25,-22.6
03:09:30 AM,2024-02-15,Some(Gps),44.5648,-123.2826,100.5,0.11,0,9,3.15,2.85,4.25,-22.6
03:09:30 AM,2024-02-15,Some(Gps),44.5648,-123.2826,100.5,0.11,0,9,3.15,2.85,4.25,-22.6
03:09:30 AM,2024-02-15,Some(Gps),44.5648,-123.2826,100.5,0.11,0,9,3.15,2.85,4.25,-22.6
03:09:30 AM,2024-02-15,Some(Gps),44.5648,-123.2826,100.5,0.11,0,9,3.15,2.85,4.25,-22.6
03:09:30 AM,2024-02-15,Some(Gps),44.5648,-123.2826,100.5,0.11,0,9,3.15,2.85,4.25,-22.6
03:09:30 AM,2024-02-15,Some(Gps),44.5648,-123.2826,100.5,0.11,0,9,3.15,2.85,4.25,-22.6
03:09:30 AM,2024-02-15,Some(Gps),44.5648,-123.2826,100.5,0.11,0,9,3.15,2.85,4.25,-22.6
03:09:30 AM,2024-02-15,Some(Gps),44.5648,-123.2826,100.5,0.11,0,9,3.15,2.85,4.25,-22.6
03:09:30 AM,2024-02-15,Some(Gps),44.5648,-123.2826,100.5,0.11,0,9,3.15,2.85,4.25,-22.6
03:09:30 AM,2024-02-15,Some(Gps),44.5648,-123.2826,100.5,0.11,0,9,3.15,2.85,4.25,-22.6
03:09:30 AM,2024-02-15,Some(Gps),44.5648,-123.2826,100.5,0.11,0,9,3.15,2.85,4.25,-22.6
03:09:30 AM,2024-02-15,Some(Gps),44.5648,-123.2826,100.5,0.11,0,9,3.15,2.85,4.25,-22.6
03:09:30 AM,2024-02-15,Some(Gps),44.5648,-123.2826,100.5,0.11,0,9,3.15,2.85,4.25,-22.6
03:09:30 AM,2024-02-15,Some(Gps),44.5648,-123.2826,100.5,0.11,0,9,3.15,2.85,4.25,-22.6
03:09:31 AM,2024-02-15,Some(Gps),44.5648,-123.2826,100.5,0.139,0,9,3.15,2.85,4.25,-22.6
03:09:31 AM,2024-02-15,Some(Gps),44.5648,-123.2826,100.5,0.139,0,9,3.15,2.85,4.25,-22.6
03:09:31 AM,2024-02-15,Some(Gps),44.5648,-123.2826,100.9,0.139,0,9,3.15,2.85,4.25,-22.6
03:09:31 AM,2024-02-15,Some(Gps),44.5648,-123.2826,100.9,0.139,0,9,3.15,2.86,4.25,-22.6
03:09:31 AM,2024-02-15,Some(Gps),44.5648,-123.2826,100.9,0.139,0,9,3.15,2.86,4.25,-22.6
03:09:31 AM,2024-02-15,Some(Gps),44.5648,-123.2826,100.9,0.139,0,9,3.15,2.86,4.25,-22.6
03:09:31 AM,2024-02-15,Some(Gps),44.5648,-123.2826,100.9,0.139,0,9,3.15,2.86,4.25,-22.6
03:09:31 AM,2024-02-15,Some(Gps),44.5648,-123.2826,100.9,0.139,0,9,3.15,2.86,4.25,-22.6
03:09:31 AM,2024-02-15,Some(Gps),44.5648,-123.2826,100.9,0.139,0,9,3.15,2.86,4.25,-22.6
03:09:31 AM,2024-02-15,Some(Gps),44.5648,-123.2826,100.9,0.139,0,9,3.15,2.86,4.25,-22.6
03:09:31 AM,2024-02-15,Some(Gps),44.5648,-123.2826,100.9,0.139,0,9,3.15,2.86,4.25,-22.6
03:09:31 AM,2024-02-15,Some(Gps),44.5648,-123.2826,100.9,0.139,0,9,3.15,2.86,4.25,-22.6
03:09:31 AM,2024-02-15,Some(Gps),44.5648,-123.2826,100.9,0.139,0,9,3.15,2.86,4.25,-22.6
03:09:31 AM,2024-02-15,Some(Gps),44.5648,-123.2826,100.9,0.139,0,9,3.15,2.86,4.25,-22.6
03:09:31 AM,2024-02-15,Some(Gps),44.5648,-123.2826,100.9,0.139,0,9,3.15,2.86,4.25,-22.6
03:09:31 AM,2024-02-15,Some(Gps),44.5648,-123.2826,100.9,0.139,0,9,3.15,2.86,4.25,-22.6
03:09:32 AM,2024-02-15,Some(Gps),44.5648,-123.2826,100.9,0.123,0,9,3.15,2.86,4.25,-22.6
03:09:32 AM,2024-02-15,Some(Gps),44.5648,-123.2826,100.9,0.123,0,9,3.15,2.86,4.25,-22.6
03:09:32 AM,2024-02-15,Some(Gps),44.5648,-123.2826,101.3,0.123,0,9,3.15,2.86,4.25,-22.6
03:09:32 AM,2024-02-15,Some(Gps),44.5648,-123.2826,101.3,0.123,0,9,3.15,2.86,4.25,-22.6
03:09:32 AM,2024-02-15,Some(Gps),44.5648,-123.2826,101.3,0.123,0,9,3.15,2.86,4.25,-22.6
03:09:32 AM,2024-02-15,Some(Gps),44.5648,-123.2826,101.3,0.123,0,9,3.15,2.86,4.25,-22.6
03:09:32 AM,2024-02-15,Some(Gps),44.5648,-123.2826,101.3,0.123,0,9,3.15,2.86,4.25,-22.6
03:09:32 AM,2024-02-15,Some(Gps),44.5648,-123.2826,101.3,0.123,0,9,3.15,2.86,4.25,-22.6
03:09:32 AM,2024-02-15,Some(Gps),44.5648,-123.2826,101.3,0.123,0,9,3.15,2.86,4.25,-22.6
03:09:32 AM,2024-02-15,Some(Gps),44.5648,-123.2826,101.3,0.123,0,9,3.15,2.86,4.25,-22.6
03:09:32 AM,2024-02-15,Some(Gps),44.5648,-123.2826,101.3,0.123,0,9,3.15,2.86,4.25,-22.6
03:09:32 AM,2024-02-15,Some(Gps),44.5648,-123.2826,101.3,0.123,0,9,3.15,2.86,4.25,-22.6
03:09:32 AM,2024-02-15,Some(Gps),44.5648,-123.2826,101.3,0.123,0,9,3.15,2.86,4.25,-22.6
03:09:32 AM,2024-02-15,Some(Gps),44.5648,-123.2826,101.3,0.123,0,9,3.15,2.86,4.25,-22.6
03:09:32 AM,2024-02-15,Some(Gps),44.5648,-123.2826,101.3,0.123,0,9,3.15,2.86,4.25,-22.6
03:09:32 AM,2024-02-15,Some(Gps),44.5648,-123.2826,101.3,0.123,0,9,3.15,2.86,4.25,-22.6
03:09:33 AM,2024-02-15,Some(Gps),44.5648,-123.2826,101.3,0.09,0,9,3.15,2.86,4.25,-22.6
03:09:33 AM,2024-02-15,Some(Gps),44.5648,-123.2826,101.3,0.09,0,9,3.15,2.86,4.25,-22.6
03:09:33 AM,2024-02-15,Some(Gps),44.5648,-123.2826,101.7,0.09,0,9,3.15,2.86,4.25,-22.6
03:09:33 AM,2024-02-15,Some(Gps),44.5648,-123.2826,101.7,0.09,0,9,3.15,2.86,4.25,-22.6
03:09:33 AM,2024-02-15,Some(Gps),44.5648,-123.2826,101.7,0.09,0,9,3.15,2.86,4.25,-22.6
03:09:33 AM,2024-02-15,Some(Gps),44.5648,-123.2826,101.7,0.09,0,9,3.15,2.86,4.25,-22.6
03:09:33 AM,2024-02-15,Some(Gps),44.5648,-123.2826,101.7,0.09,0,9,3.15,2.86,4.25,-22.6
03:09:33 AM,2024-02-15,Some(Gps),44.5648,-123.2826,101.7,0.09,0,9,3.15,2.86,4.25,-22.6
03:09:33 AM,2024-02-15,Some(Gps),44.5648,-123.2826,101.7,0.09,0,9,3.15,2.86,4.25,-22.6
03:09:33 AM,2024-02-15,Some(Gps),44.5648,-123.2826,101.7,0.09,0,9,3.15,2.86,4.25,-22.6
03:09:33 AM,2024-02-15,Some(Gps),44.5648,-123.2826,101.7,0.09,0,9,3.15,2.86,4.25,-22.6
03:09:33 AM,2024-02-15,Some(Gps),44.5648,-123.2826,101.7,0.09,0,9,3.15,2.86,4.25,-22.6
03:09:33 AM,2024-02-15,Some(Gps),44.5648,-123.2826,101.7,0.09,0,9,3.15,2.86,4.25,-22.6
03:09:33 AM,2024-02-15,Some(Gps),44.5648,-123.2826,101.7,0.09,0,9,3.15,2.86,4.25,-22.6
03:09:33 AM,2024-02-15,Some(Gps),44.5648,-123.2826,101.7,0.09,0,9,3.15,2.86,4.25,-22.6
03:09:33 AM,2024-02-15,Some(Gps),44.5648,-123.2826,101.7,0.09,0,9,3.15,2.86,4.25,-22.6
03:09:34 AM,2024-02-15,Some(Gps),44.5648,-123.2826,101.7,0.123,0,9,3.15,2.86,4.25,-22.6
03:09:34 AM,2024-02-15,Some(Gps),44.5648,-123.2826,101.7,0.123,0,9,3.15,2.86,4.25,-22.6
03:09:34 AM,2024-02-15,Some(Gps),44.5648,-123.2826,102,0.123,0,9,3.15,2.86,4.25,-22.6
03:09:34 AM,2024-02-15,Some(Gps),44.5648,-123.2826,102,0.123,0,9,3.15,2.86,4.25,-22.6
03:09:34 AM,2024-02-15,Some(Gps),44.5648,-123.2826,102,0.123,0,9,3.15,2.86,4.25,-22.6
03:09:34 AM,2024-02-15,Some(Gps),44.5648,-123.2826,102,0.123,0,9,3.15,2.86,4.25,-22.6
03:09:34 AM,2024-02-15,Some(Gps),44.5648,-123.2826,102,0.123,0,9,3.15,2.86,4.25,-22.6
03:09:34 AM,2024-02-15,Some(Gps),44.5648,-123.2826,102,0.123,0,9,3.15,2.86,4.25,-22.6
03:09:34 AM,2024-02-15,Some(Gps),44.5648,-123.2826,102,0.123,0,9,3.15,2.86,4.25,-22.6
03:09:34 AM,2024-02-15,Some(Gps),44.5648,-123.2826,102,0.123,0,9,3.15,2.86,4.25,-22.6
03:09:34 AM,2024-02-15,Some(Gps),44.5648,-123.2826,102,0.123,0,9,3.15,2.86,4.25,-22.6
03:09:34 AM,2024-02-15,Some(Gps),44.5648,-123.2826,102,0.123,0,9,3.15,2.86,4.25,-22.6
03:09:34 AM,2024-02-15,Some(Gps),44.5648,-123.2826,102,0.123,0,9,3.15,2.86,4.25,-22.6
03:09:34 AM,2024-02-15,Some(Gps),44.5648,-123.2826,102,0.123,0,9,3.15,2.86,4.25,-22.6
03:09:34 AM,2024-02-15,Some(Gps),44.5648,-123.2826,102,0.123,0,9,3.15,2.86,4.25,-22.6
03:09:34 AM,2024-02-15,Some(Gps),44.5648,-123.2826,102,0.123,0,9,3.15,2.86,4.25,-22.6
03:09:35 AM,2024-02-15,Some(Gps),44.5648,-123.2826,102,0.115,0,9,3.15,2.86,4.25,-22.6
03:09:35 AM,2024-02-15,Some(Gps),44.5648,-123.2826,102,0.115,0,9,3.15,2.86,4.25,-22.6
03:09:35 AM,2024-02-15,Some(Gps),44.5648,-123.2826,102.1,0.115,0,9,3.15,2.86,4.25,-22.6
03:09:35 AM,2024-02-15,Some(Gps),44.5648,-123.2826,102.1,0.115,0,9,3.15,2.86,4.25,-22.6
03:09:35 AM,2024-02-15,Some(Gps),44.5648,-123.2826,102.1,0.115,0,9,3.15,2.86,4.25,-22.6
03:09:35 AM,2024-02-15,Some(Gps),44.5648,-123.2826,102.1,0.115,0,9,3.15,2.86,4.25,-22.6
03:09:35 AM,2024-02-15,Some(Gps),44.5648,-123.2826,102.1,0.115,0,9,3.15,2.86,4.25,-22.6
03:09:35 AM,2024-02-15,Some(Gps),44.5648,-123.2826,102.1,0.115,0,9,3.15,2.86,4.25,-22.6
03:09:35 AM,2024-02-15,Some(Gps),44.5648,-123.2826,102.1,0.115,0,9,3.15,2.86,4.25,-22.6
03:09:35 AM,2024-02-15,Some(Gps),44.5648,-123.2826,102.1,0.115,0,9,3.15,2.86,4.25,-22.6
03:09:35 AM,2024-02-15,Some(Gps),44.5648,-123.2826,102.1,0.115,0,9,3.15,2.86,4.25,-22.6
03:09:35 AM,2024-02-15,Some(Gps),44.5648,-123.2826,102.1,0.115,0,9,3.15,2.86,4.25,-22.6
03:09:35 AM,2024-02-15,Some(Gps),44.5648,-123.2826,102.1,0.115,0,9,3.15,2.86,4.25,-22.6
03:09:35 AM,2024-02-15,Some(Gps),44.5648,-123.2826,102.1,0.115,0,9,3.15,2.86,4.25,-22.6
03:09:35 AM,2024-02-15,Some(Gps),44.5648,-123.2826,102.1,0.115,0,9,3.15,2.86,4.25,-22.6
03:09:35 AM,2024-02-15,Some(Gps),44.5648,-123.2826,102.1,0.115,0,9,3.15,2.86,4.25,-22.6
03:09:36 AM,2024-02-15,Some(Gps),44.5648,-123.2826,102.1,0.129,0,9,3.15,2.86,4.25,-22.6
03:09:36 AM,2024-02-15,Some(Gps),44.5648,-123.2826,102.1,0.129,0,9,3.15,2.86,4.25,-22.6
03:09:36 AM,2024-02-15,Some(Gps),44.5648,-123.2826,102.4,0.129,0,9,3.15,2.86,4.25,-22.6
03:09:36 AM,2024-02-15,Some(Gps),44.5648,-123.2826,102.4,0.129,0,9,3.15,2.86,4.26,-22.6
03:09:36 AM,2024-02-15,Some(Gps),44.5648,-123.2826,102.4,0.129,0,9,3.15,2.86,4.26,-22.6
03:09:36 AM,2024-02-15,Some(Gps),44.5648,-123.2826,102.4,0.129,0,9,3.15,2.86,4.26,-22.6
03:09:36 AM,2024-02-15,Some(Gps),44.5648,-123.2826,102.4,0.129,0,9,3.15,2.86,4.26,-22.6
03:09:36 AM,2024-02-15,Some(Gps),44.5648,-123.2826,102.4,0.129,0,9,3.15,2.86,4.26,-22.6
03:09:36 AM,2024-02-15,Some(Gps),44.5648,-123.2826,102.4,0.129,0,9,3.15,2.86,4.26,-22.6
03:09:36 AM,2024-02-15,Some(Gps),44.5648,-123.2826,102.4,0.129,0,9,3.15,2.86,4.26,-22.6
03:09:36 AM,2024-02-15,Some(Gps),44.5648,-123.2826,102.4,0.129,0,9,3.15,2.86,4.26,-22.6
03:09:36 AM,2024-02-15,Some(Gps),44.5648,-123.2826,102.4,0.129,0,9,3.15,2.86,4.26,-22.6
03:09:36 AM,2024-02-15,Some(Gps),44.5648,-123.2826,102.4,0.129,0,9,3.15,2.86,4.26,-22.6
03:09:36 AM,2024-02-15,Some(Gps),44.5648,-123.2826,102.4,0.129,0,9,3.15,2.86,4.26,-22.6
03:09:36 AM,2024-02-15,Some(Gps),44.5648,-123.2826,102.4,0.129,0,9,3.15,2.86,4.26,-22.6
03:09:36 AM,2024-02-15,Some(Gps),44.5648,-123.2826,102.4,0.129,0,9,3.15,2.86,4.26,-22.6
03:09:37 AM,2024-02-15,Some(Gps),44.5648,-123.2826,102.4,0.445,0,9,3.15,2.86,4.26,-22.6
03:09:37 AM,2024-02-15,Some(Gps),44.5648,-123.2826,102.4,0.445,0,9,3.15,2.86,4.26,-22.6
03:09:37 AM,2024-02-15,Some(Gps),44.5648,-123.2826,102.2,0.445,0,9,3.15,2.86,4.26,-22.6
03:09:37 AM,2024-02-15,Some(Gps),44.5648,-123.2826,102.2,0.445,0,9,3.15,2.86,4.26,-22.6
03:09:37 AM,2024-02-15,Some(Gps),44.5648,-123.2826,102.2,0.445,0,9,3.15,2.86,4.26,-22.6
03:09:37 AM,2024-02-15,Some(Gps),44.5648,-123.2826,102.2,0.445,0,9,3.15,2.86,4.26,-22.6
03:09:37 AM,2024-02-15,Some(Gps),44.5648,-123.2826,102.2,0.445,0,9,3.15,2.86,4.26,-22.6
03:09:37 AM,2024-02-15,Some(Gps),44.5648,-123.2826,102.2,0.445,0,9,3.15,2.86,4.26,-22.6
03:09:37 AM,2024-02-15,Some(Gps),44.5648,-123.2826,102.2,0.445,0,9,3.15,2.86,4.26,-22.6
03:09:37 AM,2024-02-15,Some(Gps),44.5648,-123.2826,102.2,0.445,0,9,3.15,2.86,4.26,-22.6
03:09:37 AM,2024-02-15,Some(Gps),44.5648,-123.2826,102.2,0.445,0,9,3.15,2.86,4.26,-22.6
03:09:37 AM,2024-02-15,Some(Gps),44.5648,-123.2826,102.2,0.445,0,9,3.15,2.86,4.26,-22.6
03:09:37 AM,2024-02-15,Some(Gps),44.5648,-123.2826,102.2,0.445,0,9,3.15,2.86,4.26,-22.6
03:09:37 AM,2024-02-15,Some(Gps),44.5648,-123.2826,102.2,0.445,0,9,3.15,2.86,4.26,-22.6
03:09:37 AM,2024-02-15,Some(Gps),44.5648,-123.2826,102.2,0.445,0,9,3.15,2.86,4.26,-22.6
03:09:37 AM,2024-02-15,Some(Gps),44.5648,-123.2826,102.2,0.445,0,9,3.15,2.86,4.26,-22.6
03:09:38 AM,2024-02-15,Some(Gps),44.5648,-123.2826,102.2,0.297,0,9,3.15,2.86,4.26,-22.6
03:09:38 AM,2024-02-15,Some(Gps),44.5648,-123.2826,102.2,0.297,0,9,3.15,2.86,4.26,-22.6
03:09:38 AM,2024-02-15,Some(Gps),44.5648,-123.2826,102.3,0.297,0,9,3.16,2.86,4.26,-22.6
03:09:38 AM,2024-02-15,Some(Gps),44.5648,-123.2826,102.3,0.297,0,9,3.16,2.86,4.26,-22.6
03:09:38 AM,2024-02-15,Some(Gps),44.5648,-123.2826,102.3,0.297,0,9,3.16,2.86,4.26,-22.6
03:09:38 AM,2024-02-15,Some(Gps),44.5648,-123.2826,102.3,0.297,0,9,3.16,2.86,4.26,-22.6
03:09:38 AM,2024-02-15,Some(Gps),44.5648,-123.2826,102.3,0.297,0,9,3.16,2.86,4.26,-22.6
03:09:38 AM,2024-02-15,Some(Gps),44.5648,-123.2826,102.3,0.297,0,9,3.16,2.86,4.26,-22.6
03:09:38 AM,2024-02-15,Some(Gps),44.5648,-123.2826,102.3,0.297,0,9,3.16,2.86,4.26,-22.6
03:09:38 AM,2024-02-15,Some(Gps),44.5648,-123.2826,102.3,0.297,0,9,3.16,2.86,4.26,-22.6
03:09:38 AM,2024-02-15,Some(Gps),44.5648,-123.2826,102.3,0.297,0,9,3.16,2.86,4.26,-22.6
03:09:38 AM,2024-02-15,Some(Gps),44.5648,-123.2826,102.3,0.297,0,9,3.16,2.86,4.26,-22.6
03:09:38 AM,2024-02-15,Some(Gps),44.5648,-123.2826,102.3,0.297,0,9,3.16,2.86,4.26,-22.6
03:09:38 AM,2024-02-15,Some(Gps),44.5648,-123.2826,102.3,0.297,0,9,3.16,2.86,4.26,-22.6
03:09:38 AM,2024-02-15,Some(Gps),44.5648,-123.2826,102.3,0.297,0,9,3.16,2.86,4.26,-22.6
03:09:38 AM,2024-02-15,Some(Gps),44.5648,-123.2826,102.3,0.297,0,9,3.16,2.86,4.26,-22.6
03:09:39 AM,2024-02-15,Some(Gps),44.5648,-123.2826,102.3,0.151,0,9,3.16,2.86,4.26,-22.6
03:09:39 AM,2024-02-15,Some(Gps),44.5648,-123.2826,102.3,0.151,0,9,3.16,2.86,4.26,-22.6
03:09:39 AM,2024-02-15,Some(Gps),44.5648,-123.2826,102.4,0.151,0,9,3.16,2.86,4.26,-22.6
03:09:39 AM,2024-02-15,Some(Gps),44.5648,-123.2826,102.4,0.151,0,9,3.16,2.86,4.26,-22.6
03:09:39 AM,2024-02-15,Some(Gps),44.5648,-123.2826,102.4,0.151,0,9,3.16,2.86,4.26,-22.6
03:09:39 AM,2024-02-15,Some(Gps),44.5648,-123.2826,102.4,0.151,0,9,3.16,2.86,4.26,-22.6
03:09:39 AM,2024-02-15,Some(Gps),44.5648,-123.2826,102.4,0.151,0,9,3.16,2.86,4.26,-22.6
03:09:39 AM,2024-02-15,Some(Gps),44.5648,-123.2826,102.4,0.151,0,9,3.16,2.86,4.26,-22.6
03:09:39 AM,2024-02-15,Some(Gps),44.5648,-123.2826,102.4,0.151,0,9,3.16,2.86,4.26,-22.6
03:09:39 AM,2024-02-15,Some(Gps),44.5648,-123.2826,102.4,0.151,0,9,3.16,2.86,4.26,-22.6
03:09:39 AM,2024-02-15,Some(Gps),44.5648,-123.2826,102.4,0.151,0,9,3.16,2.86,4.26,-22.6
03:09:39 AM,2024-02-15,Some(Gps),44.5648,-123.2826,102.4,0.151,0,9,3.16,2.86,4.26,-22.6
03:09:39 AM,2024-02-15,Some(Gps),44.5648,-123.2826,102.4,0.151,0,9,3.16,2.86,4.26,-22.6
03:09:39 AM,2024-02-15,Some(Gps),44.5648,-123.2826,102.4,0.151,0,9,3.16,2.86,4.26,-22.6
03:09:39 AM,2024-02-15,Some(Gps),44.5648,-123.2826,102.4,0.151,0,9,3.16,2.86,4.26,-22.6
03:09:39 AM,2024-02-15,Some(Gps),44.5648,-123.2826,102.4,0.151,0,9,3.16,2.86,4.26,-22.6
03:09:40 AM,2024-02-15,Some(Gps),44.5648,-123.2826,102.4,0.201,0,9,3.16,2.86,4.26,-22.6
03:09:40 AM,2024-02-15,Some(Gps),44.5648,-123.2826,102.4,0.201,0,9,3.16,2.86,4.26,-22.6
03:09:40 AM,2024-02-15,Some(Gps),44.5648,-123.2826,102.8,0.201,0,9,3.16,2.86,4.26,-22.6
03:09:40 AM,2024-02-15,Some(Gps),44.5648,-123.2826,102.8,0.201,0,9,3.16,2.86,4.26,-22.6
03:09:40 AM,2024-02-15,Some(Gps),44.5648,-123.2826,102.8,0.201,0,9,3.16,2.86,4.26,-22.6
03:09:40 AM,2024-02-15,Some(Gps),44.5648,-123.2826,102.8,0.201,0,9,3.16,2.86,4.26,-22.6
03:09:40 AM,2024-02-15,Some(Gps),44.5648,-123.2826,102.8,0.201,0,9,3.16,2.86,4.26,-22.6
03:09:40 AM,2024-02-15,Some(Gps),44.5648,-123.2826,102.8,0.201,0,9,3.16,2.86,4.26,-22.6
03:09:40 AM,2024-02-15,Some(Gps),44.5648,-123.2826,102.8,0.201,0,9,3.16,2.86,4.26,-22.6
03:09:40 AM,2024-02-15,Some(Gps),44.5648,-123.2826,102.8,0.201,0,9,3.16,2.86,4.26,-22.6
03:09:40 AM,2024-02-15,Some(Gps),44.5648,-123.2826,102.8,0.201,0,9,3.16,2.86,4.26,-22.6
03:09:40 AM,2024-02-15,Some(Gps),44.5648,-123.2826,102.8,0.201,0,9,3.16,2.86,4.26,-22.6
03:09:40 AM,2024-02-15,Some(Gps),44.5648,-123.2826,102.8,0.201,0,9,3.16,2.86,4.26,-22.6
03:09:40 AM,2024-02-15,Some(Gps),44.5648,-123.2826,102.8,0.201,0,9,3.16,2.86,4.26,-22.6
03:09:40 AM,2024-02-15,Some(Gps),44.5648,-123.2826,102.8,0.201,0,9,3.16,2.86,4.26,-22.6
03:09:40 AM,2024-02-15,Some(Gps),44.5648,-123.2826,102.8,0.201,0,9,3.16,2.86,4.26,-22.6
03:09:41 AM,2024-02-15,Some(Gps),44.5648,-123.2826,102.8,0.146,0,9,3.16,2.86,4.26,-22.6
03:09:41 AM,2024-02-15,Some(Gps),44.5648,-123.2826,102.8,0.146,0,9,3.16,2.86,4.26,-22.6
03:09:41 AM,2024-02-15,Some(Gps),44.5648,-123.2826,102.9,0.146,0,9,3.16,2.86,4.26,-22.6
03:09:41 AM,2024-02-15,Some(Gps),44.5648,-123.2826,102.9,0.146,0,9,3.16,2.86,4.26,-22.6
03:09:41 AM,2024-02-15,Some(Gps),44.5648,-123.2826,102.9,0.146,0,9,3.16,2.86,4.26,-22.6
03:09:41 AM,2024-02-15,Some(Gps),44.5648,-123.2826,102.9,0.146,0,9,3.16,2.86,4.26,-22.6
03:09:41 AM,2024-02-15,Some(Gps),44.5648,-123.2826,102.9,0.146,0,9,3.16,2.86,4.26,-22.6
03:09:41 AM,2024-02-15,Some(Gps),44.5648,-123.2826,102.9,0.146,0,9,3.16,2.86,4.26,-22.6
03:09:41 AM,2024-02-15,Some(Gps),44.5648,-123.2826,102.9,0.146,0,9,3.16,2.86,4.26,-22.6
03:09:41 AM,2024-02-15,Some(Gps),44.5648,-123.2826,102.9,0.146,0,9,3.16,2.86,4.26,-22.6
03:09:41 AM,2024-02-15,Some(Gps),44.5648,-123.2826,102.9,0.146,0,9,3.16,2.86,4.26,-22.6
03:09:41 AM,2024-02-15,Some(Gps),44.5648,-123.2826,102.9,0.146,0,9,3.16,2.86,4.26,-22.6
03:09:41 AM,2024-02-15,Some(Gps),44.5648,-123.2826,102.9,0.146,0,9,3.16,2.86,4.26,-22.6
03:09:41 AM,2024-02-15,Some(Gps),44.5648,-123.2826,102.9,0.146,0,9,3.16,2.86,4.26,-22.6
03:09:41 AM,2024-02-15,Some(Gps),44.5648,-123.2826,102.9,0.146,0,9,3.16,2.86,4.26,-22.6
03:09:41 AM,2024-02-15,Some(Gps),44.5648,-123.2826,102.9,0.146,0,9,3.16,2.86,4.26,-22.6
03:09:42 AM,2024-02-15,Some(Gps),44.5648,-123.2826,102.9,0.175,0,9,3.16,2.86,4.26,-22.6
03:09:42 AM,2024-02-15,Some(Gps),44.5648,-123.2826,102.9,0.175,0,9,3.16,2.86,4.26,-22.6
03:09:42 AM,2024-02-15,Some(Gps),44.5648,-123.2826,103.1,0.175,0,9,3.16,2.86,4.26,-22.6
03:09:42 AM,2024-02-15,Some(Gps),44.5648,-123.2826,103.1,0.175,0,9,3.16,2.86,4.26,-22.6
03:09:42 AM,2024-02-15,Some(Gps),44.5648,-123.2826,103.1,0.175,0,9,3.16,2.86,4.26,-22.6
03:09:42 AM,2024-02-15,Some(Gps),44.5648,-123.2826,103.1,0.175,0,9,3.16,2.86,4.26,-22.6
03:09:42 AM,2024-02-15,Some(Gps),44.5648,-123.2826,103.1,0.175,0,9,3.16,2.86,4.26,-22.6
03:09:42 AM,2024-02-15,Some(Gps),44.5648,-123.2826,103.1,0.175,0,9,3.16,2.86,4.26,-22.6
03:09:42 AM,2024-02-15,Some(Gps),44.5648,-123.2826,103.1,0.175,0,9,3.16,2.86,4.26,-22.6
03:09:42 AM,2024-02-15,Some(Gps),44.5648,-123.2826,103.1,0.175,0,9,3.16,2.86,4.26,-22.6
03:09:42 AM,2024-02-15,Some(Gps),44.5648,-123.2826,103.1,0.175,0,9,3.16,2.86,4.26,-22.6
03:09:42 AM,2024-02-15,Some(Gps),44.5648,-123.2826,103.1,0.175,0,9,3.16,2.86,4.26,-22.6
03:09:42 AM,2024-02-15,Some(Gps),44.5648,-123.2826,103.1,0.175,0,9,3.16,2.86,4.26,-22.6
03:09:42 AM,2024-02-15,Some(Gps),44.5648,-123.2826,103.1,0.175,0,9,3.16,2.86,4.26,-22.6
03:09:42 AM,2024-02-15,Some(Gps),44.5648,-123.2826,103.1,0.175,0,9,3.16,2.86,4.26,-22.6
03:09:42 AM,2024-02-15,Some(Gps),44.5648,-123.2826,103.1,0.175,0,9,3.16,2.86,4.26,-22.6
03:09:43 AM,2024-02-15,Some(Gps),44.5648,-123.2826,103.1,0.225,0,9,3.16,2.86,4.26,-22.6
03:09:43 AM,2024-02-15,Some(Gps),44.5648,-123.2826,103.1,0.225,0,9,3.16,2.86,4.26,-22.6
03:09:43 AM,2024-02-15,Some(Gps),44.5648,-123.2826,103.4,0.225,0,10,3.16,2.86,4.26,-22.6
03:09:43 AM,2024-02-15,Some(Gps),44.5648,-123.2826,103.4,0.225,0,10,3.16,2.86,4.26,-22.6
03:09:43 AM,2024-02-15,Some(Gps),44.5648,-123.2826,103.4,0.225,0,10,3.16,2.86,4.26,-22.6
03:09:43 AM,2024-02-15,Some(Gps),44.5648,-123.2826,103.4,0.225,0,10,3.16,2.86,4.26,-22.6
03:09:43 AM,2024-02-15,Some(Gps),44.5648,-123.2826,103.4,0.225,0,10,3.16,2.86,4.26,-22.6
03:09:43 AM,2024-02-15,Some(Gps),44.5648,-123.2826,103.4,0.225,0,10,3.16,2.86,4.26,-22.6
03:09:43 AM,2024-02-15,Some(Gps),44.5648,-123.2826,103.4,0.225,0,10,3.16,2.86,4.26,-22.6
03:09:43 AM,2024-02-15,Some(Gps),44.5648,-123.2826,103.4,0.225,0,10,3.16,2.86,4.26,-22.6
03:09:43 AM,2024-02-15,Some(Gps),44.5648,-123.2826,103.4,0.225,0,10,3.16,2.86,4.26,-22.6
03:09:43 AM,2024-02-15,Some(Gps),44.5648,-123.2826,103.4,0.225,0,10,3.16,2.86,4.26,-22.6
03:09:43 AM,2024-02-15,Some(Gps),44.5648,-123.2826,103.4,0.225,0,10,3.16,2.86,4.26,-22.6
03:09:43 AM,2024-02-15,Some(Gps),44.5648,-123.2826,103.4,0.225,0,10,3.16,2.86,4.26,-22.6
03:09:43 AM,2024-02-15,Some(Gps),44.5648,-123.2826,103.4,0.225,0,10,3.16,2.86,4.26,-22.6
03:09:43 AM,2024-02-15,Some(Gps),44.5648,-123.2826,103.4,0.225,0,10,3.16,2.86,4.26,-22.6
03:09:44 AM,2024-02-15,Some(Gps),44.5648,-123.2825,103.4,0.283,0,10,3.16,2.86,4.26,-22.6
03:09:44 AM,2024-02-15,Some(Gps),44.5648,-123.2825,103.4,0.283,0,10,3.16,2.86,4.26,-22.6
03:09:44 AM,2024-02-15,Some(Gps),44.5648,-123.2825,104,0.283,0,10,3.15,2.86,4.26,-22.6
03:09:44 AM,2024-02-15,Some(Gps),44.5648,-123.2825,104,0.283,0,10,3.15,2.77,4.2,-22.6
03:09:44 AM,2024-02-15,Some(Gps),44.5648,-123.2825,104,0.283,0,10,3.15,2.77,4.2,-22.6
03:09:44 AM,2024-02-15,Some(Gps),44.5648,-123.2825,104,0.283,0,10,3.15,2.77,4.2,-22.6
03:09:44 AM,2024-02-15,Some(Gps),44.5648,-123.2825,104,0.283,0,10,3.15,2.77,4.2,-22.6
03:09:44 AM,2024-02-15,Some(Gps),44.5648,-123.2825,104,0.283,0,10,3.15,2.77,4.2,-22.6
03:09:44 AM,2024-02-15,Some(Gps),44.5648,-123.2825,104,0.283,0,10,3.15,2.77,4.2,-22.6
03:09:44 AM,2024-02-15,Some(Gps),44.5648,-123.2825,104,0.283,0,10,3.15,2.77,4.2,-22.6
03:09:44 AM,2024-02-15,Some(Gps),44.5648,-123.2825,104,0.283,0,10,3.15,2.77,4.2,-22.6
03:09:44 AM,2024-02-15,Some(Gps),44.5648,-123.2825,104,0.283,0,10,3.15,2.77,4.2,-22.6
03:09:44 AM,2024-02-15,Some(Gps),44.5648,-123.2825,104,0.283,0,10,3.15,2.77,4.2,-22.6
03:09:44 AM,2024-02-15,Some(Gps),44.5648,-123.2825,104,0.283,0,10,3.15,2.77,4.2,-22.6
03:09:44 AM,2024-02-15,Some(Gps),44.5648,-123.2825,104,0.283,0,10,3.15,2.77,4.2,-22.6
03:09:44 AM,2024-02-15,Some(Gps),44.5648,-123.2825,104,0.283,0,10,3.15,2.77,4.2,-22.6
03:09:45 AM,2024-02-15,Some(Gps),44.5648,-123.2825,104,0.193,0,10,3.15,2.77,4.2,-22.6
03:09:45 AM,2024-02-15,Some(Gps),44.5648,-123.2825,104,0.193,0,10,3.15,2.77,4.2,-22.6
03:09:45 AM,2024-02-15,Some(Gps),44.5648,-123.2825,104.2,0.193,0,10,3.15,2.77,4.2,-22.6
03:09:45 AM,2024-02-15,Some(Gps),44.5648,-123.2825,104.2,0.193,0,10,3.15,2.77,4.2,-22.6
03:09:45 AM,2024-02-15,Some(Gps),44.5648,-123.2825,104.2,0.193,0,10,3.15,2.77,4.2,-22.6
03:09:45 AM,2024-02-15,Some(Gps),44.5648,-123.2825,104.2,0.193,0,10,3.15,2.77,4.2,-22.6
03:09:45 AM,2024-02-15,Some(Gps),44.5648,-123.2825,104.2,0.193,0,10,3.15,2.77,4.2,-22.6
03:09:45 AM,2024-02-15,Some(Gps),44.5648,-123.2825,104.2,0.193,0,10,3.15,2.77,4.2,-22.6
03:09:45 AM,2024-02-15,Some(Gps),44.5648,-123.2825,104.2,0.193,0,10,3.15,2.77,4.2,-22.6
03:09:45 AM,2024-02-15,Some(Gps),44.5648,-123.2825,104.2,0.193,0,10,3.15,2.77,4.2,-22.6
03:09:45 AM,2024-02-15,Some(Gps),44.5648,-123.2825,104.2,0.193,0,10,3.15,2.77,4.2,-22.6
03:09:45 AM,2024-02-15,Some(Gps),44.5648,-123.2825,104.2,0.193,0,10,3.15,2.77,4.2,-22.6
03:09:45 AM,2024-02-15,Some(Gps),44.5648,-123.2825,104.2,0.193,0,10,3.15,2.77,4.2,-22.6
03:09:45 AM,2024-02-15,Some(Gps),44.5648,-123.2825,104.2,0.193,0,10,3.15,2.77,4.2,-22.6
03:09:45 AM,2024-02-15,Some(Gps),44.5648,-123.2825,104.2,0.193,0,10,3.15,2.77,4.2,-22.6
03:09:45 AM,2024-02-15,Some(Gps),44.5648,-123.2825,104.2,0.193,0,10,3.15,2.77,4.2,-22.6
03:09:46 AM,2024-02-15,Some(Gps),44.5648,-123.2825,104.2,0.19,0,10,3.15,2.77,4.2,-22.6
03:09:46 AM,2024-02-15,Some(Gps),44.5648,-123.2825,104.2,0.19,0,10,3.15,2.77,4.2,-22.6
03:09:46 AM,2024-02-15,Some(Gps),44.5648,-123.2825,104.5,0.19,0,10,3.15,2.77,4.2,-22.6
03:09:46 AM,2024-02-15,Some(Gps),44.5648,-123.2825,104.5,0.19,0,10,3.15,2.77,4.2,-22.6
03:09:46 AM,2024-02-15,Some(Gps),44.5648,-123.2825,104.5,0.19,0,10,3.15,2.77,4.2,-22.6
03:09:46 AM,2024-02-15,Some(Gps),44.5648,-123.2825,104.5,0.19,0,10,3.15,2.77,4.2,-22.6
03:09:46 AM,2024-02-15,Some(Gps),44.5648,-123.2825,104.5,0.19,0,10,3.15,2.77,4.2,-22.6
03:09:46 AM,2024-02-15,Some(Gps),44.5648,-123.2825,104.5,0.19,0,10,3.15,2.77,4.2,-22.6
03:09:46 AM,2024-02-15,Some(Gps),44.5648,-123.2825,104.5,0.19,0,10,3.15,2.77,4.2,-22.6
03:09:46 AM,2024-02-15,Some(Gps),44.5648,-123.2825,104.5,0.19,0,10,3.15,2.77,4.2,-22.6
03:09:46 AM,2024-02-15,Some(Gps),44.5648,-123.2825,104.5,0.19,0,10,3.15,2.77,4.2,-22.6
03:09:46 AM,2024-02-15,Some(Gps),44.5648,-123.2825,104.5,0.19,0,10,3.15,2.77,4.2,-22.6
03:09:46 AM,2024-02-15,Some(Gps),44.5648,-123.2825,104.5,0.19,0,10,3.15,2.77,4.2,-22.6
03:09:46 AM,2024-02-15,Some(Gps),44.5648,-123.2825,104.5,0.19,0,10,3.15,2.77,4.2,-22.6
03:09:46 AM,2024-02-15,Some(Gps),44.5648,-123.2825,104.5,0.19,0,10,3.15,2.77,4.2,-22.6
03:09:46 AM,2024-02-15,Some(Gps),44.5648,-123.2825,104.5,0.19,0,10,3.15,2.77,4.2,-22.6
03:09:47 AM,2024-02-15,Some(Gps),44.5648,-123.2825,104.5,0.363,0,10,3.15,2.77,4.2,-22.6
03:09:47 AM,2024-02-15,Some(Gps),44.5648,-123.2825,104.5,0.363,0,10,3.15,2.77,4.2,-22.6
03:09:47 AM,2024-02-15,Some(Gps),44.5648,-123.2825,104.9,0.363,0,10,3.15,2.77,4.2,-22.6
03:09:47 AM,2024-02-15,Some(Gps),44.5648,-123.2825,104.9,0.363,0,10,3.15,2.78,4.2,-22.6
03:09:47 AM,2024-02-15,Some(Gps),44.5648,-123.2825,104.9,0.363,0,10,3.15,2.78,4.2,-22.6
03:09:47 AM,2024-02-15,Some(Gps),44.5648,-123.2825,104.9,0.363,0,10,3.15,2.78,4.2,-22.6
03:09:47 AM,2024-02-15,Some(Gps),44.5648,-123.2825,104.9,0.363,0,10,3.15,2.78,4.2,-22.6
03:09:47 AM,2024-02-15,Some(Gps),44.5648,-123.2825,104.9,0.363,0,10,3.15,2.78,4.2,-22.6
03:09:47 AM,2024-02-15,Some(Gps),44.5648,-123.2825,104.9,0.363,0,10,3.15,2.78,4.2,-22.6
03:09:47 AM,2024-02-15,Some(Gps),44.5648,-123.2825,104.9,0.363,0,10,3.15,2.78,4.2,-22.6
03:09:47 AM,2024-02-15,Some(Gps),44.5648,-123.2825,104.9,0.363,0,10,3.15,2.78,4.2,-22.6
03:09:47 AM,2024-02-15,Some(Gps),44.5648,-123.2825,104.9,0.363,0,10,3.15,2.78,4.2,-22.6
03:09:47 AM,2024-02-15,Some(Gps),44.5648,-123.2825,104.9,0.363,0,10,3.15,2.78,4.2,-22.6
03:09:47 AM,2024-02-15,Some(Gps),44.5648,-123.2825,104.9,0.363,0,10,3.15,2.78,4.2,-22.6
03:09:47 AM,2024-02-15,Some(Gps),44.5648,-123.2825,104.9,0.363,0,10,3.15,2.78,4.2,-22.6
03:09:47 AM,2024-02-15,Some(Gps),44.5648,-123.2825,104.9,0.363,0,10,3.15,2.78,4.2,-22.6
03:09:48 AM,2024-02-15,Some(Gps),44.5648,-123.2825,104.9,0.215,0,10,3.15,2.78,4.2,-22.6
03:09:48 AM,2024-02-15,Some(Gps),44.5648,-123.2825,104.9,0.215,0,10,3.15,2.78,4.2,-22.6
03:09:48 AM,2024-02-15,Some(Gps),44.5648,-123.2825,105.1,0.215,0,10,3.15,2.78,4.2,-22.6
03:09:48 AM,2024-02-15,Some(Gps),44.5648,-123.2825,105.1,0.215,0,10,3.15,2.78,4.2,-22.6
03:09:48 AM,2024-02-15,Some(Gps),44.5648,-123.2825,105.1,0.215,0,10,3.15,2.78,4.2,-22.6
03:09:48 AM,2024-02-15,Some(Gps),44.5648,-123.2825,105.1,0.215,0,10,3.15,2.78,4.2,-22.6
03:09:48 AM,2024-02-15,Some(Gps),44.5648,-123.2825,105.1,0.215,0,10,3.15,2.78,4.2,-22.6
03:09:48 AM,2024-02-15,Some(Gps),44.5648,-123.2825,105.1,0.215,0,10,3.15,2.78,4.2,-22.6
03:09:48 AM,2024-02-15,Some(Gps),44.5648,-123.2825,105.1,0.215,0,10,3.15,2.78,4.2,-22.6
03:09:48 AM,2024-02-15,Some(Gps),44.5648,-123.2825,105.1,0.215,0,10,3.15,2.78,4.2,-22.6
03:09:48 AM,2024-02-15,Some(Gps),44.5648,-123.2825,105.1,0.215,0,10,3.15,2.78,4.2,-22.6
03:09:48 AM,2024-02-15,Some(Gps),44.5648,-123.2825,105.1,0.215,0,10,3.15,2.78,4.2,-22.6
03:09:48 AM,2024-02-15,Some(Gps),44.5648,-123.2825,105.1,0.215,0,10,3.15,2.78,4.2,-22.6
03:09:48 AM,2024-02-15,Some(Gps),44.5648,-123.2825,105.1,0.215,0,10,3.15,2.78,4.2,-22.6
03:09:48 AM,2024-02-15,Some(Gps),44.5648,-123.2825,105.1,0.215,0,10,3.15,2.78,4.2,-22.6
03:09:48 AM,2024-02-15,Some(Gps),44.5648,-123.2825,105.1,0.215,0,10,3.15,2.78,4.2,-22.6
03:09:49 AM,2024-02-15,Some(Gps),44.5648,-123.2825,105.1,0.167,0,10,3.15,2.78,4.2,-22.6
03:09:49 AM,2024-02-15,Some(Gps),44.5648,-123.2825,105.1,0.167,0,10,3.15,2.78,4.2,-22.6
03:09:49 AM,2024-02-15,Some(Gps),44.5648,-123.2825,105.5,0.167,0,10,3.15,2.78,4.2,-22.6
03:09:49 AM,2024-02-15,Some(Gps),44.5648,-123.2825,105.5,0.167,0,10,3.15,2.78,4.2,-22.6
03:09:49 AM,2024-02-15,Some(Gps),44.5648,-123.2825,105.5,0.167,0,10,3.15,2.78,4.2,-22.6
03:09:49 AM,2024-02-15,Some(Gps),44.5648,-123.2825,105.5,0.167,0,10,3.15,2.78,4.2,-22.6
03:09:49 AM,2024-02-15,Some(Gps),44.5648,-123.2825,105.5,0.167,0,10,3.15,2.78,4.2,-22.6
03:09:49 AM,2024-02-15,Some(Gps),44.5648,-123.2825,105.5,0.167,0,10,3.15,2.78,4.2,-22.6
03:09:49 AM,2024-02-15,Some(Gps),44.5648,-123.2825,105.5,0.167,0,10,3.15,2.78,4.2,-22.6
03:09:49 AM,2024-02-15,Some(Gps),44.5648,-123.2825,105.5,0.167,0,10,3.15,2.78,4.2,-22.6
03:09:49 AM,2024-02-15,Some(Gps),44.5648,-123.2825,105.5,0.167,0,10,3.15,2.78,4.2,-22.6
03:09:49 AM,2024-02-15,Some(Gps),44.5648,-123.2825,105.5,0.167,0,10,3.15,2.78,4.2,-22.6
03:09:49 AM,2024-02-15,Some(Gps),44.5648,-123.2825,105.5,0.167,0,10,3.15,2.78,4.2,-22.6
03:09:49 AM,2024-02-15,Some(Gps),44.5648,-123.2825,105.5,0.167,0,10,3.15,2.78,4.2,-22.6
03:09:49 AM,2024-02-15,Some(Gps),44.5648,-123.2825,105.5,0.167,0,10,3.15,2.78,4.2,-22.6
03:09:49 AM,2024-02-15,Some(Gps),44.5648,-123.2825,105.5,0.167,0,10,3.15,2.78,4.2,-22.6
03:09:50 AM,2024-02-15,Some(Gps),44.5648,-123.2825,105.5,0.049,0,10,3.15,2.78,4.2,-22.6
03:09:50 AM,2024-02-15,Some(Gps),44.5648,-123.2825,105.5,0.049,0,10,3.15,2.78,4.2,-22.6
03:09:50 AM,2024-02-15,Some(Gps),44.5648,-123.2825,105.7,0.049,0,10,3.15,2.78,4.2,-22.6
03:09:50 AM,2024-02-15,Some(Gps),44.5648,-123.2825,105.7,0.049,0,10,3.15,2.78,4.2,-22.6
03:09:50 AM,2024-02-15,Some(Gps),44.5648,-123.2825,105.7,0.049,0,10,3.15,2.78,4.2,-22.6
03:09:50 AM,2024-02-15,Some(Gps),44.5648,-123.2825,105.7,0.049,0,10,3.15,2.78,4.2,-22.6
03:09:50 AM,2024-02-15,Some(Gps),44.5648,-123.2825,105.7,0.049,0,10,3.15,2.78,4.2,-22.6
03:09:50 AM,2024-02-15,Some(Gps),44.5648,-123.2825,105.7,0.049,0,10,3.15,2.78,4.2,-22.6
03:09:50 AM,2024-02-15,Some(Gps),44.5648,-123.2825,105.7,0.049,0,10,3.15,2.78,4.2,-22.6
03:09:50 AM,2024-02-15,Some(Gps),44.5648,-123.2825,105.7,0.049,0,10,3.15,2.78,4.2,-22.6
03:09:50 AM,2024-02-15,Some(Gps),44.5648,-123.2825,105.7,0.049,0,10,3.15,2.78,4.2,-22.6
03:09:50 AM,2024-02-15,Some(Gps),44.5648,-123.2825,105.7,0.049,0,10,3.15,2.78,4.2,-22.6
03:09:50 AM,2024-02-15,Some(Gps),44.5648,-123.2825,105.7,0.049,0,10,3.15,2.78,4.2,-22.6
03:09:50 AM,2024-02-15,Some(Gps),44.5648,-123.2825,105.7,0.049,0,10,3.15,2.78,4.2,-22.6
03:09:50 AM,2024-02-15,Some(Gps),44.5648,-123.2825,105.7,0.049,0,10,3.15,2.78,4.2,-22.6
03:09:50 AM,2024-02-15,Some(Gps),44.5648,-123.2825,105.7,0.049,0,10,3.15,2.78,4.2,-22.6
03:09:51 AM,2024-02-15,Some(Gps),44.5648,-123.2825,105.7,0.163,0,10,3.15,2.78,4.2,-22.6
03:09:51 AM,2024-02-15,Some(Gps),44.5648,-123.2825,105.7,0.163,0,10,3.15,2.78,4.2,-22.6
03:09:51 AM,2024-02-15,Some(Gps),44.5648,-123.2825,105.9,0.163,0,10,3.16,2.78,4.2,-22.6
03:09:51 AM,2024-02-15,Some(Gps),44.5648,-123.2825,105.9,0.163,0,10,3.16,2.78,4.2,-22.6
03:09:51 AM,2024-02-15,Some(Gps),44.5648,-123.2825,105.9,0.163,0,10,3.16,2.78,4.2,-22.6
03:09:51 AM,2024-02-15,Some(Gps),44.5648,-123.2825,105.9,0.163,0,10,3.16,2.78,4.2,-22.6
03:09:51 AM,2024-02-15,Some(Gps),44.5648,-123.2825,105.9,0.163,0,10,3.16,2.78,4.2,-22.6
03:09:51 AM,2024-02-15,Some(Gps),44.5648,-123.2825,105.9,0.163,0,10,3.16,2.78,4.2,-22.6
03:09:51 AM,2024-02-15,Some(Gps),44.5648,-123.2825,105.9,0.163,0,10,3.16,2.78,4.2,-22.6
03:09:51 AM,2024-02-15,Some(Gps),44.5648,-123.2825,105.9,0.163,0,10,3.16,2.78,4.2,-22.6
03:09:51 AM,2024-02-15,Some(Gps),44.5648,-123.2825,105.9,0.163,0,10,3.16,2.78,4.2,-22.6
03:09:51 AM,2024-02-15,Some(Gps),44.5648,-123.2825,105.9,0.163,0,10,3.16,2.78,4.2,-22.6
03:09:51 AM,2024-02-15,Some(Gps),44.5648,-123.2825,105.9,0.163,0,10,3.16,2.78,4.2,-22.6
03:09:51 AM,2024-02-15,Some(Gps),44.5648,-123.2825,105.9,0.163,0,10,3.16,2.78,4.2,-22.6
03:09:51 AM,2024-02-15,Some(Gps),44.5648,-123.2825,105.9,0.163,0,10,3.16,2.78,4.2,-22.6
03:09:51 AM,2024-02-15,Some(Gps),44.5648,-123.2825,105.9,0.163,0,10,3.16,2.78,4.2,-22.6
03:09:52 AM,2024-02-15,Some(Gps),44.5648,-123.2825,105.9,0.234,0,10,3.16,2.78,4.2,-22.6
03:09:52 AM,2024-02-15,Some(Gps),44.5648,-123.2825,105.9,0.234,0,10,3.16,2.78,4.2,-22.6
03:09:52 AM,2024-02-15,Some(Gps),44.5648,-123.2825,106.1,0.234,0,10,3.16,2.78,4.2,-22.6
03:09:52 AM,2024-02-15,Some(Gps),44.5648,-123.2825,106.1,0.234,0,10,3.16,2.78,4.21,-22.6
03:09:52 AM,2024-02-15,Some(Gps),44.5648,-123.2825,106.1,0.234,0,10,3.16,2.78,4.21,-22.6
03:09:52 AM,2024-02-15,Some(Gps),44.5648,-123.2825,106.1,0.234,0,10,3.16,2.78,4.21,-22.6
03:09:52 AM,2024-02-15,Some(Gps),44.5648,-123.2825,106.1,0.234,0,10,3.16,2.78,4.21,-22.6
03:09:52 AM,2024-02-15,Some(Gps),44.5648,-123.2825,106.1,0.234,0,10,3.16,2.78,4.21,-22.6
03:09:52 AM,2024-02-15,Some(Gps),44.5648,-123.2825,106.1,0.234,0,10,3.16,2.78,4.21,-22.6
03:09:52 AM,2024-02-15,Some(Gps),44.5648,-123.2825,106.1,0.234,0,10,3.16,2.78,4.21,-22.6
03:09:52 AM,2024-02-15,Some(Gps),44.5648,-123.2825,106.1,0.234,0,10,3.16,2.78,4.21,-22.6
03:09:52 AM,2024-02-15,Some(Gps),44.5648,-123.2825,106.1,0.234,0,10,3.16,2.78,4.21,-22.6
03:09:52 AM,2024-02-15,Some(Gps),44.5648,-123.2825,106.1,0.234,0,10,3.16,2.78,4.21,-22.6
03:09:52 AM,2024-02-15,Some(Gps),44.5648,-123.2825,106.1,0.234,0,10,3.16,2.78,4.21,-22.6
03:09:52 AM,2024-02-15,Some(Gps),44.5648,-123.2825,106.1,0.234,0,10,3.16,2.78,4.21,-22.6
03:09:52 AM,2024-02-15,Some(Gps),44.5648,-123.2825,106.1,0.234,0,10,3.16,2.78,4.21,-22.6
03:09:53 AM,2024-02-15,Some(Gps),44.5648,-123.2825,106.1,0.171,0,10,3.16,2.78,4.21,-22.6
03:09:53 AM,2024-02-15,Some(Gps),44.5644,-123.2829,106.1,0.171,0,10,3.16,2.78,4.21,-22.6
03:09:53 AM,2024-02-15,Some(Gps),44.5645,-123.2827,106.7,0.171,0,10,3.16,2.78,4.21,-22.6
03:09:53 AM,2024-02-15,Some(Gps),44.5646,-123.2826,106.7,0.171,0,10,3.16,2.78,4.21,-22.6
03:09:53 AM,2024-02-15,Some(Gps),44.5647,-123.2825,106.7,0.171,0,10,3.16,2.78,4.21,-22.6
03:09:53 AM,2024-02-15,Some(Gps),44.5648,-123.2825,106.7,0.171,0,10,3.16,2.78,4.21,-22.6
03:09:53 AM,2024-02-15,Some(Gps),44.5649,-123.2825,106.7,0.171,0,10,3.16,2.78,4.21,-22.6
03:09:53 AM,2024-02-15,Some(Gps),44.5650,-123.2825,106.7,0.171,0,10,3.16,2.78,4.21,-22.6
03:09:53 AM,2024-02-15,Some(Gps),44.5650,-123.2826,106.7,0.171,0,10,3.16,2.78,4.21,-22.6
03:09:53 AM,2024-02-15,Some(Gps),44.5650,-123.2827,106.7,0.171,0,10,3.16,2.78,4.21,-22.6
03:09:53 AM,2024-02-15,Some(Gps),44.5649,-123.2827,106.7,0.171,0,10,3.16,2.78,4.21,-22.6
03:09:53 AM,2024-02-15,Some(Gps),44.5648,-123.2827,106.7,0.171,0,10,3.16,2.78,4.21,-22.6
03:09:53 AM,2024-02-15,Some(Gps),44.5648,-123.2826,106.7,0.171,0,10,3.16,2.78,4.21,-22.6
03:09:53 AM,2024-02-15,Some(Gps),44.5648,-123.2825,106.7,0.171,0,10,3.16,2.78,4.21,-22.6
03:09:53 AM,2024-02-15,Some(Gps),44.5649,-123.2825,106.7,0.171,0,10,3.16,2.78,4.21,-22.6
03:09:53 AM,2024-02-15,Some(Gps),44.5648,-123.2825,106.7,0.171,0,10,3.16,2.78,4.21,-22.6
